{"cameraMode":{"drawMode":0,"name":"Shaded","section":"Shading Mode"},"sceneLighting":true,"audioPlay":false,"sceneViewState":{"showFog":true,"showMaterialUpdate":false,"showSkybox":true,"showFlares":true,"showImageEffects":true,"showParticleSystems":true},"in2DMode":false,"pivot":{"x":0.2074776291847229,"y":0.7490000128746033,"z":1.059000015258789},"rotation":{"x":-0.033785223960876468,"y":0.5124526619911194,"z":-0.02007255330681801,"w":-0.8578158020973206},"size":11.271096229553223,"orthographic":false}